timestamp;price;volume
"2023-02-13 16:00:00";21801.823146444163;26792596580.6
"2023-02-14 16:00:00";22220.585338474528;32483312909.3
"2023-02-15 16:00:00";24307.350197799304;39316664596.38
"2023-02-16 16:00:00";23621.282494263785;41358451254.72
"2023-02-17 16:00:00";24565.295999850914;19625427157.74
"2023-02-18 16:00:00";24640.02722142087;25555105669.92
"2023-02-19 16:00:00";24336.623340482118;28987376572.9
"2023-02-20 16:00:00";24833.048914297397;31252098713.68
"2023-02-21 16:00:00";24437.418479922784;30199996780.9
"2023-02-22 16:00:00";24190.71898354621;30476264066
"2023-02-23 16:00:00";23946.007863671563;26811744927.57
"2023-02-24 16:00:00";23200.125853429145;16100721565.07
"2023-02-25 16:00:00";23174.15076871508;16644534841.91
"2023-02-26 16:00:00";23561.450681524497;22660763494.22
"2023-02-27 16:00:00";23521.838822394886;20535363433.98
"2023-02-28 16:00:00";23150.92995817847;24662841199.56
"2023-03-01 16:00:00";23647.019473129796;20386398516.25
"2023-03-02 16:00:00";23476.633731258356;26062404610.39
"2023-03-03 16:00:00";22362.92302679091;11166012913.03
"2023-03-04 16:00:00";22354.14359815582;13317001732.58
"2023-03-05 16:00:00";22436.81677589737;17353192895.19
"2023-03-06 16:00:00";22428.32238968881;22765452203.97
"2023-03-07 16:00:00";22216.442321102208;22536575684.49
"2023-03-08 16:00:00";21720.07931756107;30364664170.83
"2023-03-09 16:00:00";20367.00177713576;39578257695.31
"2023-03-10 16:00:00";20187.877074733235;30180288175.61
"2023-03-11 16:00:00";20628.029034458348;29279035521.01
"2023-03-12 17:00:00";22156.406675322058;49466362688.47
"2023-03-13 17:00:00";24201.76600614591;54622230163.97
"2023-03-14 17:00:00";24770.925668702967;43655701450.2
"2023-03-15 17:00:00";24373.456617017335;33866061746.62
"2023-03-16 17:00:00";25055.123219270015;50730261335.05
"2023-03-17 17:00:00";27448.117269610462;35723036817.12
"2023-03-18 17:00:00";26969.503787812773;37769448858.69
"2023-03-19 17:00:00";28041.601917494194;44774027663.55
"2023-03-20 17:00:00";27768.39203181537;36102192830.48
"2023-03-21 17:00:00";28158.719991806116;33382021889.86
"2023-03-22 17:00:00";27301.957494354938;24220433689.12
"2023-03-23 17:00:00";28324.11169520493;25980310960.02
"2023-03-24 17:00:00";27487.337738386257;13383005987.37
"2023-03-25 17:00:00";27495.52395825096;13878363191.96
"2023-03-26 17:00:00";27994.067923252504;18188895177.73
"2023-03-27 17:00:00";27132.888921445134;17783600384.84
"2023-03-28 17:00:00";27267.03217460021;20684945905.97
"2023-03-29 17:00:00";28350.141491187987;22435349950.56
"2023-03-30 17:00:00";28032.2622677886;19001327597.88
"2023-03-31 17:00:00";28473.331801197142;10876469900.68
"2023-04-01 17:00:00";28462.844801116054;12284641999.34
"2023-04-02 17:00:00";28183.0803582438;19556501326.93
"2023-04-03 17:00:00";27795.274323998936;15284538858.55
"2023-04-04 17:00:00";28169.726952853987;17052315986.14
"2023-04-05 17:00:00";28175.22707737488;13837809380.28
"2023-04-06 17:00:00";28038.9669696205;10861680497.27
"2023-04-07 17:00:00";27920.512778528697;9373255556
"2023-04-08 17:00:00";27952.367615612475;12175322950.95
"2023-04-09 17:00:00";28336.028237401144;19282400094.3
"2023-04-10 17:00:00";29653.679647445995;20121259843.07
"2023-04-11 17:00:00";30231.581623239563;18651929926.37
"2023-04-12 17:00:00";29892.73945987711;17487721001.39
"2023-04-13 17:00:00";30409.5616914944;22659995079.31
"2023-04-14 17:00:00";30490.74927242369;11940685377.62
"2023-04-15 17:00:00";30315.976416622234;12854816416.5
"2023-04-16 17:00:00";30317.145697415202;17872186762.03
"2023-04-17 17:00:00";29449.0917046267;19480529496.02
"2023-04-18 17:00:00";30394.187904359267;24571565420.76
"2023-04-19 17:00:00";28823.682862437203;21340360359.79
"2023-04-20 17:00:00";28249.231270723743;20759504329.87
"2023-04-21 17:00:00";27265.89501625829;13125734602.38
"2023-04-22 17:00:00";27816.144792576142;12785446832.04
"2023-04-23 17:00:00";27591.729521890473;17703288330.24
"2023-04-24 17:00:00";27514.87239121884;17733373139.17
"2023-04-25 17:00:00";28300.05927438531;31854242019.49
"2023-04-26 17:00:00";28428.464278678897;27153445027.31
"2023-04-27 17:00:00";29481.013535027447;17544464887.25
"2023-04-28 17:00:00";29336.567035251155;10662634332.91
"2023-04-29 17:00:00";29245.515512462294;14652199272.27
"2023-04-30 17:00:00";29227.10398190992;18655599976.36
"2023-05-01 17:00:00";28087.17496979201;16432924526.63
"2023-05-02 17:00:00";28680.494409624953;19122972518.31
"2023-05-03 17:00:00";29031.304447754515;15548678513.55
"2023-05-04 17:00:00";28851.479661785383;17936566518.34
"2023-05-05 17:00:00";29538.85900462101;15913866714.47
"2023-05-06 17:00:00";28901.62282413254;11301355486.45
"2023-05-07 17:00:00";28450.457477963737;19122903752.39
"2023-05-08 17:00:00";27695.068069254914;14128593255.78
"2023-05-09 17:00:00";27654.63677657879;20656025025.55
"2023-05-10 17:00:00";27621.08687181673;16724343943.18
"2023-05-11 17:00:00";26987.662513638646;19313599897.31
"2023-05-12 17:00:00";26807.769044398643;9999171605.08
"2023-05-13 17:00:00";26788.974291770766;10014858959.48
"2023-05-14 17:00:00";26931.384631905392;14413231792.03
"2023-05-15 17:00:00";27171.514579396786;12732238815.9
"2023-05-16 17:00:00";27035.470129713845;15140006925.18
"2023-05-17 17:00:00";27401.650207988976;15222938600.41
"2023-05-18 17:00:00";26826.754786389298;11258983300.89
"2023-05-19 17:00:00";26888.84139105379;7044911360.48
"2023-05-20 17:00:00";27118.423228280295;8647416920.95
"2023-05-21 17:00:00";26749.893205403107;11056770492.11
"2023-05-22 17:00:00";26855.960682040175;13697203142.64
"2023-05-23 17:00:00";27224.60370246231;16299104428.23
"2023-05-24 17:00:00";26329.461512587262;13851122696.86
"2023-05-25 17:00:00";26474.182469275427;12711619225.45
"2023-05-26 17:00:00";26720.18251355914;7892015141.24
"2023-05-27 17:00:00";26871.158775260013;14545229578.02
"2023-05-28 17:00:00";28075.592141166908;15181308983.6
"2023-05-29 17:00:00";27745.123603261192;13251081851.39
"2023-05-30 17:00:00";27700.530088711763;15656371534.37
"2023-05-31 17:00:00";27218.412375564356;14678970414.58
"2023-06-01 17:00:00";26824.556981119476;14837414999.85
"2023-06-02 17:00:00";27252.323332614993;8385597470.09
"2023-06-03 17:00:00";27075.122073387673;9360912318.14
"2023-06-04 17:00:00";27123.10996380917;21513292646.48
"2023-06-05 17:00:00";25732.108862845296;21929670692.82
"2023-06-06 17:00:00";27235.649518401624;19530045081.91
"2023-06-07 17:00:00";26347.65345388678;11904824295.26
"2023-06-08 17:00:00";26505.92400824293;11015551640.28
"2023-06-09 17:00:00";26481.762544708385;19872933188.93
"2023-06-10 17:00:00";25854.031918451117;10732609602.85
"2023-06-11 17:00:00";25934.285597359547;11677889997.4
"2023-06-12 17:00:00";25902.940909862198;14143474486.27
"2023-06-13 17:00:00";25920.258089139683;14265717765.8
"2023-06-14 17:00:00";25121.673946191986;15837384409.1
"2023-06-15 17:00:00";25575.28259536865;16324646965.41
"2023-06-16 17:00:00";26328.679439009575;11090276850.25
"2023-06-17 17:00:00";26510.457605282787;9565695128.64
"2023-06-18 17:00:00";26335.442369620123;12826986222.15
"2023-06-19 17:00:00";26841.663530099617;22211859146.73
"2023-06-20 17:00:00";28311.31096035663;33346760979.13
"2023-06-21 17:00:00";29995.935766599723;20653160490.91
"2023-06-22 17:00:00";29896.383424039625;24115570084.62
"2023-06-23 17:00:00";30708.738453966012;12147822495.52
"2023-06-24 17:00:00";30545.150233460405;12703464114.44
"2023-06-25 17:00:00";30480.523973068975;16493186997.21
"2023-06-26 17:00:00";30274.321187966107;16428827943.78
"2023-06-27 17:00:00";30696.56148684194;14571500779.44
"2023-06-28 17:00:00";30086.186717423134;13180860821.04
"2023-06-29 17:00:00";30441.35375917607;26387306196.78
"2023-06-30 17:00:00";30471.847563048803;9086606733
"2023-07-01 17:00:00";30587.269955877855;10533418042.02
"2023-07-02 17:00:00";30624.516311271615;15271884873.11
"2023-07-03 17:00:00";31156.864921655437;12810828427.35
"2023-07-04 17:00:00";30778.725362745445;12481622279.55
"2023-07-05 17:00:00";30507.15111094327;21129219508.8
"2023-07-06 17:00:00";29907.998902423325;13384770154.9
"2023-07-07 17:00:00";30346.92165283586;7509378699.36
"2023-07-08 17:00:00";30291.610530287548;7903327692.27
"2023-07-09 17:00:00";30172.422955372138;14828209155.42
"2023-07-10 17:00:00";30417.63362402037;12151839151.9
"2023-07-11 17:00:00";30622.24694556371;14805659716.84
"2023-07-12 17:00:00";30387.489196646333;23686079547.52
"2023-07-13 17:00:00";31474.721363624696;20917902659.76
"2023-07-14 17:00:00";30331.78227697352;8011667755.87
"2023-07-15 17:00:00";30297.472110816725;8516564469.72
"2023-07-16 17:00:00";30249.62661714303;13240156074.07
"2023-07-17 17:00:00";30147.070861420925;13138897269.16
"2023-07-18 17:00:00";29862.047207949952;12128602811.7
"2023-07-19 17:00:00";29915.250325865425;14655207120.53
"2023-07-20 17:00:00";29805.111530493545;10972789817.7
"2023-07-21 17:00:00";29908.69698861633;7873300597.52
"2023-07-22 17:00:00";29790.111646404206;9220145049.89
"2023-07-23 17:00:00";30081.66164457886;15395817395.41
"2023-07-24 17:00:00";29178.970044592083;10266772792.7
"2023-07-25 17:00:00";29225.76011533686;13497554655.35
"2023-07-26 17:00:00";29353.798829215375;10770779216.98
"2023-07-27 17:00:00";29212.164302427616;11218474951.63
"2023-07-28 17:00:00";29319.446037681606;6481775958.74
"2023-07-29 17:00:00";29357.093643392607;8678454526.64
"2023-07-30 17:00:00";29278.31405437211;11656781981.62
"2023-07-31 17:00:00";29230.872404990292;18272392391.28
"2023-08-01 17:00:00";29704.146838200217;19212655598.47
"2023-08-02 17:00:00";29161.81194570409;12780357745.55
"2023-08-03 17:00:00";29174.38183697726;12036639987.62
"2023-08-04 17:00:00";29075.388956476294;6598366352.73
"2023-08-05 17:00:00";29043.701980163052;7269806993.78
"2023-08-06 17:00:00";29038.51284594314;13618163710.33
"2023-08-07 17:00:00";29180.01886208521;17570561357.26
"2023-08-08 17:00:00";29766.695595897992;18379521212.63
"2023-08-09 17:00:00";29563.971836560333;11865344788.64
"2023-08-10 17:00:00";29424.902574842985;10195168196.66
"2023-08-11 17:00:00";29399.786654848744;6194358007.75
"2023-08-12 17:00:00";29416.593599244316;7329897179.69
"2023-08-13 17:00:00";29283.262942771038;14013695304.04
"2023-08-14 17:00:00";29408.048589906968;12640195779.03
"2023-08-15 17:00:00";29169.074019916276;14949271904.13
"2023-08-16 17:00:00";28699.80283965744;31120851211.44
"2023-08-17 17:00:00";26636.07840210928;24026236529.35
"2023-08-18 17:00:00";26047.83297901064;10631443812.07
"2023-08-19 17:00:00";26096.861225500263;9036580419.74
"2023-08-20 17:00:00";26188.690650818713;13371557892.6
"2023-08-21 17:00:00";26130.748016041613;14503820706.42
"2023-08-22 17:00:00";26040.473651602013;16985265785.29
"2023-08-23 17:00:00";26431.51989246775;12871532023.01
"2023-08-24 17:00:00";26163.68005367363;12406045117.51
"2023-08-25 17:00:00";26047.235239637183;6034817316.31
"2023-08-26 17:00:00";26008.2418008294;6913768611.22
"2023-08-27 17:00:00";26089.614922885765;11002805166.45
"2023-08-28 17:00:00";26102.485832002574;29368391711.99
"2023-08-29 17:00:00";27726.08403402729;16343655235.34
"2023-08-30 17:00:00";27301.929316804566;20181001451.19
"2023-08-31 17:00:00";25934.02080615863;17202862221.48
"2023-09-01 17:00:00";25800.909609110324;10100387473.24
"2023-09-02 17:00:00";25869.47279272437;8962524522.99
"2023-09-03 17:00:00";25968.17013346548;10680635105.81
"2023-09-04 17:00:00";25814.95780798914;11094740039.8
"2023-09-05 17:00:00";25783.930744879006;12752705326.81
"2023-09-06 17:00:00";25748.312009430218;11088307100.27
"2023-09-07 17:00:00";26245.208208078435;10817356399.67
"2023-09-08 17:00:00";25905.424912482402;5481314132.31
"2023-09-09 17:00:00";25895.2099714338;7899553047.41
"2023-09-10 17:00:00";25831.71550073221;14600006466.65
"2023-09-11 17:00:00";25160.657925189484;18657279324.05
"2023-09-12 17:00:00";25837.554963292874;13072077070.22
"2023-09-13 17:00:00";26228.277860325095;13811359124.32
"2023-09-14 17:00:00";26533.818837729646;11479735788.3
"2023-09-15 17:00:00";26606.198652256913;7402031416.6
"2023-09-16 17:00:00";26567.927583002078;6774210669.73
"2023-09-17 17:00:00";26532.994793799102;15615339654.79
"2023-09-18 17:00:00";26760.851005767232;13807690550.44
"2023-09-19 17:00:00";27210.228491539736;13281116603.72
"2023-09-20 17:00:00";27129.840020945856;13371443707.65
"2023-09-21 17:00:00";26564.056167760817;10578746708.52
"2023-09-22 17:00:00";26578.555927115078;7404700300.94
"2023-09-23 17:00:00";26579.37398607126;8192867685.97
"2023-09-24 17:00:00";26253.775299437562;11997833256.53
"2023-09-25 17:00:00";26294.75867274134;9985498161.06
"2023-09-26 17:00:00";26209.49834944303;11718380997.24
"2023-09-27 17:00:00";26355.81239456195;14079002707.33
"2023-09-28 17:00:00";27024.84171393561;10396435377.43
"2023-09-29 17:00:00";26911.6891847171;5331172801.03
"2023-09-30 17:00:00";26967.39743314936;9503917434.43
"2023-10-01 17:00:00";27976.799152029067;19793041321.84
"2023-10-02 17:00:00";27508.251818807486;11407814186.59
"2023-10-03 17:00:00";27429.074995008952;11143355313.54
"2023-10-04 17:00:00";27798.647126999644;11877253669.95
"2023-10-05 17:00:00";27412.122423691733;13492391598.97
"2023-10-06 17:00:00";27946.781632976956;6553044316.48
"2023-10-07 17:00:00";27971.67810720863;7916875289.67
"2023-10-08 17:00:00";27934.47216233954;12007668568.18
"2023-10-09 17:00:00";27589.20110159883;9973350678.17
"2023-10-10 17:00:00";27392.07554608154;13648094333.06
"2023-10-11 17:00:00";26873.29249139075;9392909295.17
"2023-10-12 17:00:00";26752.8795584136;15165312851.42
"2023-10-13 17:00:00";26866.203244946537;5388116781.76
"2023-10-14 17:00:00";26858.011725691675;7098201979.78
"2023-10-15 17:00:00";27162.628228881622;27833876539.05
"2023-10-16 17:00:00";28522.09816591931;14872527507.52
"2023-10-17 17:00:00";28413.53080769047;12724128585.67
"2023-10-18 17:00:00";28332.415305722483;14448058194.96
"2023-10-19 17:00:00";28732.811547629823;21536125230.44
"2023-10-20 17:00:00";29683.38181721833;11541146995.56
"2023-10-21 17:00:00";29918.655035349915;10446520039.78
"2023-10-22 17:00:00";30140.68486297176;38363572311.35
"2023-10-23 17:00:00";33077.3039477251;44934999644.84
"2023-10-24 17:00:00";33916.044054764105;25254318008.32
"2023-10-25 17:00:00";34504.28742231323;19427195375.76
"2023-10-26 17:00:00";34156.50068624584;16418032871.14
"2023-10-27 17:00:00";33907.723653860434;10160330824.97
"2023-10-28 17:00:00";34089.37173931879;11160323986.4
"2023-10-29 17:00:00";34531.74137398919;17184860315.15
"2023-10-30 17:00:00";34500.077738404965;15758270810.39
"2023-10-31 17:00:00";34657.27532449595;22446272004.73
"2023-11-01 17:00:00";35441.57738508785;20998158544.23
"2023-11-02 17:00:00";34942.47431814301;17158456701.46
"2023-11-03 17:00:00";34736.3234106715;9561294263.72
"2023-11-04 17:00:00";35090.01302136603;12412743995.66
"2023-11-05 16:00:00";35044.78991912894;12693436419.5
"2023-11-06 16:00:00";35047.79363303743;18834737788.75
"2023-11-07 16:00:00";35419.47671711763;17295394917.86
"2023-11-08 16:00:00";35633.63439386015;37762672381.84
"2023-11-09 16:00:00";36702.25185833033;22711265155.03
"2023-11-10 16:00:00";37310.07076018703;13924272141.51
"2023-11-11 16:00:00";37133.99088465863;11545715998.89
"2023-11-12 16:00:00";37070.30587130394;19057712790.07
"2023-11-13 16:00:00";36491.78757755401;23857403554.48
"2023-11-14 16:00:00";35548.11279337034;27365821678.5
"2023-11-15 16:00:00";37879.97993703658;26007385365.73
"2023-11-16 16:00:00";36164.823604233476;22445028429.93
"2023-11-17 16:00:00";36625.37147632968;11886022717.42
"2023-11-18 16:00:00";36585.76569941759;12915986552.51
"2023-11-19 16:00:00";37374.07468470207;20888209067.56
"2023-11-20 16:00:00";37469.159707143444;25172163755.87
"2023-11-21 16:00:00";35756.55325773877;24397247860.33
"2023-11-22 16:00:00";37420.43387556987;14214948217.22
"2023-11-23 16:00:00";37296.316833016084;22922957822.74
"2023-11-24 16:00:00";37721.413447934894;9099571165.44
"2023-11-25 16:00:00";37796.82886433745;13744796068.31
"2023-11-26 16:00:00";37454.191955258146;19002925719.53
"2023-11-27 16:00:00";37247.991174823546;21696137014.15
"2023-11-28 16:00:00";37826.10552174302;20728546657.66
"2023-11-29 16:00:00";37861.11888270345;18115982627.42
"2023-11-30 16:00:00";37718.00962644962;23512784001.94
"2023-12-01 16:00:00";38689.27861716844;15534035611.94
"2023-12-02 16:00:00";39472.20747117243;15769696321.58
"2023-12-03 16:00:00";39978.62864779512;39856129826.57
"2023-12-04 16:00:00";41986.264347015014;36312154534.7
"2023-12-05 16:00:00";44080.02425018693;29909761585.63
"2023-12-06 16:00:00";43769.131074245546;27635760670.97
"2023-12-07 16:00:00";43293.13494739611;24421116686.73
"2023-12-08 16:00:00";44180.0209431358;17368210171.26
"2023-12-09 16:00:00";43728.38348009053;13000481418.42
"2023-12-10 16:00:00";43792.01785836507;40632672038.1
"2023-12-11 16:00:00";41238.73338997509;24779520131.83
"2023-12-12 16:00:00";41468.46586209618;26797884673.86
"2023-12-13 16:00:00";42884.26269172501;25578530177.94
"2023-12-14 16:00:00";43028.25069052711;19639442461.7
"2023-12-15 16:00:00";41937.74096800421;14386729589.96
"2023-12-16 16:00:00";42236.10834491327;16678702876
"2023-12-17 16:00:00";41348.202089156875;25224642007.51
"2023-12-18 16:00:00";42641.510213260655;23171001281
"2023-12-19 16:00:00";42261.30013864567;27868908174.14
"2023-12-20 16:00:00";43648.124930630205;22452766168.52
"2023-12-21 16:00:00";43868.98642235633;21028503216.23
"2023-12-22 16:00:00";44012.19863207335;13507796558.22
"2023-12-23 16:00:00";43728.36598968946;18830554084.77
"2023-12-24 16:00:00";43010.57292053332;21115795370.27
"2023-12-25 16:00:00";43599.847590419355;30026850981.84
"2023-12-26 16:00:00";42518.46852809159;25260941031.66
"2023-12-27 16:00:00";43468.19806267353;22992093013.71
"2023-12-28 16:00:00";42614.64389242392;26000021055.12
"2023-12-29 16:00:00";42091.75264367748;16013925944.56
"2023-12-30 16:00:00";42152.09845351626;16397498809.56
"2023-12-31 16:00:00";42280.23527619226;18426978443.25
"2024-01-01 16:00:00";44187.13903948764;39335274535.93
"2024-01-02 16:00:00";44961.60318680246;46342323118.41
"2024-01-03 16:00:00";42855.81476135893;30448091209.81
"2024-01-04 16:00:00";44192.97869877169;32336029346.8
"2024-01-05 16:00:00";44178.95460684357;16092503467.55
"2024-01-06 16:00:00";43998.46424256272;19330573863.32
"2024-01-07 16:00:00";43948.70695530909;42746192015.18
"2024-01-08 16:00:00";46987.63874100883;39821290991.56
"2024-01-09 16:00:00";46121.53982467068;50114613298.1
"2024-01-10 16:00:00";46656.07308396605;45833734549.23
"2024-01-11 16:00:00";46354.79318800117;43332698900.4
"2024-01-12 16:00:00";42799.446487781825;20601860468.7
"2024-01-13 16:00:00";42842.26366522521;17521429522.39
"2024-01-14 16:00:00";41715.06652745808;22320220557.74
"2024-01-15 16:00:00";42499.337536169114;24062872739.52
"2024-01-16 16:00:00";43132.10033916552;20851232595.16
"2024-01-17 16:00:00";42742.31162383286;25218357242.1
"2024-01-18 16:00:00";41278.459185400294;25752407154.41
"2024-01-19 16:00:00";41624.58902858508;11586690904.11
"2024-01-20 16:00:00";41671.48852548597;9344043641.69
"2024-01-21 16:00:00";41553.65269124886;31338708142.69
"2024-01-22 16:00:00";39518.715452676064;29244553045.3
"2024-01-23 16:00:00";39877.595558297166;22359526178.02
"2024-01-24 16:00:00";40075.54902132352;18491782013.19
"2024-01-25 16:00:00";39936.81688333336;25598119893.13
"2024-01-26 16:00:00";41815.625020172025;11422941934.26
"2024-01-27 16:00:00";42126.12595712528;16858971687.07
"2024-01-28 16:00:00";42030.91537962321;20668476578.33
"2024-01-29 16:00:00";43300.22809350412;23842814517.72
"2024-01-30 16:00:00";42946.251373978004;24673628793.16
"2024-01-31 16:00:00";42569.76139843987;21423953779.18
"2024-02-01 16:00:00";43077.639176132805;18603843039.33
"2024-02-02 16:00:00";43184.963678953376;11169245236.24
"2024-02-03 16:00:00";42994.940795710405;14802225490.25
"2024-02-04 16:00:00";42577.622981148364;18715487317.32
"2024-02-05 16:00:00";42657.39107387418;16798476725.59
"2024-02-06 16:00:00";43090.0212972066;21126587774.95
"2024-02-07 16:00:00";44332.125602333734;26154524080.46
"2024-02-08 16:00:00";45297.38425295077;39316770843.67
"2024-02-09 16:00:00";47153.528424877404;16398681569.88
"2024-02-10 16:00:00";47768.9681304591;19315867135.91
"2024-02-11 16:00:00";48296.38519636961;34511985804.6
"2024-02-12 16:00:00";49941.361161847526;35593051468.37
"2024-02-13 16:00:00";49733.44479850706;39105608049.68
"2024-02-14 16:00:00";51836.78357506893;38564360532.5
"2024-02-15 16:00:00";51937.72691394199;28180567297.56
"2024-02-16 16:00:00";52161.675475789845;20009091006.1
"2024-02-17 16:00:00";51661.97011455379;17595377310.88
"2024-02-18 16:00:00";52134.81221429748;21362184346.21
"2024-02-19 16:00:00";51777.728511209716;33353758255.74
"2024-02-20 16:00:00";52273.53577706472;28624907019.65
"2024-02-21 16:00:00";51854.64521968274;25413900610.68
"2024-02-22 16:00:00";51283.9045735482;21427078269.5
"2024-02-23 16:00:00";50736.37006726715;15174077878.77
"2024-02-24 16:00:00";51565.215363947784;15413239244.6
"2024-02-25 16:00:00";51730.539793060314;34074411896.32
"2024-02-26 16:00:00";54519.3620670787;49756832031.01
"2024-02-27 16:00:00";57071.0980532704;83239156760.06
"2024-02-28 16:00:00";62499.181768234106;65496611843.55
"2024-02-29 16:00:00";61168.06242937161;40186368422.95
"2024-03-01 16:00:00";62431.65248172238;23888473684.9
"2024-03-02 16:00:00";62031.5785228643;26253811449.72
"2024-03-03 16:00:00";63137.00468154272;70670471104.67
"2024-03-04 16:00:00";68341.05778181224;102802940877.32
"2024-03-05 16:00:00";63776.051425797086;68750229073.49
"2024-03-06 16:00:00";66099.74165249406;46989543159.21
"2024-03-07 16:00:00";66938.09348483397;59202881172.24
"2024-03-08 16:00:00";68299.2597262835;21609650379.03
"2024-03-09 16:00:00";68500.25585420713;35683977531.52
"2024-03-10 17:00:00";69020.5497746578;65716656764.81
"2024-03-11 17:00:00";72125.12162670451;62554434520.34
"2024-03-12 17:00:00";71482.1170682073;48212536929.31
"2024-03-13 17:00:00";73079.3733787985;59594605698.01
"2024-03-14 17:00:00";71387.87320287335;78320453975.56
"2024-03-15 17:00:00";69392.48750025756;46842198370.83
"2024-03-16 17:00:00";65316.34488265153;44716864318.25
"2024-03-17 17:00:00";68371.3072649579;49261579492.09
"2024-03-18 17:00:00";67556.13115580649;74215844794.11
"2024-03-19 17:00:00";61930.15489598999;66792634382.18
"2024-03-20 17:00:00";67911.58386688108;44480350564.9
"2024-03-21 17:00:00";65489.92845968356;41401116964.03
"2024-03-22 17:00:00";63802.72196330339;24738964812.32
"2024-03-23 17:00:00";64070.75213117397;27206630673.06
"2024-03-24 17:00:00";67234.09757567824;42700139522.64
"2024-03-25 17:00:00";69931.326350589;36010437368.41
"2024-03-26 17:00:00";69991.8965149852;40827113309.13
"2024-03-27 17:00:00";69452.77110540151;34374900617.48
"2024-03-28 17:00:00";70744.7965151497;25230851762.56
"2024-03-29 17:00:00";69893.44428826064;17130241882.57
"2024-03-30 17:00:00";69647.77903042674;20050941372.83
"2024-03-31 17:00:00";71333.4847168797;34873527352.32
"2024-04-01 17:00:00";69705.02432247385;50705240709.24
"2024-04-02 17:00:00";65446.67176390298;34488018367.47
"2024-04-03 17:00:00";65975.69666720922;34439527441.54
"2024-04-04 17:00:00";68515.75426045065;33748230055.84
"2024-04-05 17:00:00";67840.573581488;19967785808.97
"2024-04-06 17:00:00";68897.11112989445;21204930368.78
"2024-04-07 17:00:00";69362.55400451658;37261432669.09
"2024-04-08 17:00:00";71632.50266223135;36426900409.13
"2024-04-09 17:00:00";69140.24064345585;38318601774.43
"2024-04-10 17:00:00";70575.73216400378;30153382941.04
"2024-04-11 17:00:00";70061.37960145625;44129299406.24
"2024-04-12 17:00:00";67188.37642732695;52869738184.63
"2024-04-13 17:00:00";63836.23183658272;49084320047
"2024-04-14 17:00:00";65739.64453920526;43595917653.69
"2024-04-15 17:00:00";63419.29848794903;42847528078.04
"2024-04-16 17:00:00";63831.84722219373;41915247048.65
"2024-04-17 17:00:00";61275.315409318995;36006307334.72
"2024-04-18 17:00:00";63510.75031986513;49920425400.63
"2024-04-19 17:00:00";63851.100036447584;23097485494.81
"2024-04-20 17:00:00";64992.816609587564;20506644853.02
"2024-04-21 17:00:00";64935.633169605586;28282686673.3
"2024-04-22 17:00:00";66839.89451188289;24310975583.48
"2024-04-23 17:00:00";66408.72206614932;30276655120.02
"2024-04-24 17:00:00";64275.021018685664;32155786816.01
"2024-04-25 17:00:00";64485.369931877336;24139372950.15
"2024-04-26 17:00:00";63750.99014611589;19530783038.96
"2024-04-27 17:00:00";63423.513926563486;17334827992.62
"2024-04-28 17:00:00";63106.36420066942;26635912073.23
"2024-04-29 17:00:00";63839.41986591798;37840840057.21
"2024-04-30 17:00:00";60609.49794568893;48439780271.06
"2024-05-01 17:00:00";58253.70470017975;32711813559.09
"2024-05-02 17:00:00";59122.3008516113;33172023048.2
"2024-05-03 17:00:00";62891.03054784349;20620477991.84
"2024-05-04 17:00:00";63892.454987449404;18296164805.46
"2024-05-05 17:00:00";64038.31355541844;28697928697.49
"2024-05-06 17:00:00";63162.76339886452;25930730981.56
"2024-05-07 17:00:00";62332.64250814569;26088172222.01
"2024-05-08 17:00:00";61191.20053093916;25453338160.85
"2024-05-09 17:00:00";63055.19099541475;27804954694.22
"2024-05-10 17:00:00";60793.357006914615;13842272967.56
"2024-05-11 17:00:00";60793.50202531665;13800459404.7
"2024-05-12 17:00:00";61451.21851298531;27889181179.46
"2024-05-13 17:00:00";62900.774007267304;28186271527.17
"2024-05-14 17:00:00";61553.98984667321;39815167073.5
"2024-05-15 17:00:00";66256.11181705639;31573077993.8
"2024-05-16 17:00:00";65231.29868032397;28031279309.72
"2024-05-17 17:00:00";67066.21104279193;16712277405.88
"2024-05-18 17:00:00";66937.93007407765;19249094537.72
"2024-05-19 17:00:00";66278.74467116107;43850655717.06
"2024-05-20 17:00:00";71443.06344072857;46932005990.29
"2024-05-21 17:00:00";70135.31862635245;32802561717.06
"2024-05-22 17:00:00";69121.30293908763;41895680979.35
"2024-05-23 17:00:00";67928.13028620872;29197308152.62
"2024-05-24 17:00:00";68526.9222212624;15473071741.05
"2024-05-25 17:00:00";69264.28525458577;15628433736.91
"2024-05-26 17:00:00";68512.18026551609;25870990716.7
"2024-05-27 17:00:00";69392.19676704348;32722265965.17
"2024-05-28 17:00:00";68296.34813436166;26707072905.64
"2024-05-29 17:00:00";67576.08789526467;29509712533.79
"2024-05-30 17:00:00";68362.51594290051;27387283769.48
"2024-05-31 17:00:00";67475.43118134764;11641495603.74
"2024-06-01 17:00:00";67710.27089222496;17110588415.4
"2024-06-02 17:00:00";67753.89541396756;32401285323.51
"2024-06-03 17:00:00";68804.5672232513;33149696544.76
"2024-06-04 17:00:00";70568.35029211969;32810771409.33
"2024-06-05 17:00:00";71082.84043136197;25223152007.14
"2024-06-06 17:00:00";70759.18448427138;36188381096.17
"2024-06-07 17:00:00";69324.17654684478;14262185861.29
"2024-06-08 17:00:00";69297.49481683817;13534028500.18
"2024-06-09 17:00:00";69644.31273596507;20597699540.57
"2024-06-10 17:00:00";69508.07972608221;37116136345.4
"2024-06-11 17:00:00";67321.37410258228;34497940693.82
"2024-06-12 17:00:00";68243.10443524634;28955204145.83
"2024-06-13 17:00:00";66747.5695108031;27403884779.06
"2024-06-14 17:00:00";66006.74024660952;14121265575.81
"2024-06-15 17:00:00";66189.35779031787;13281140540.78
"2024-06-16 17:00:00";66636.5154989442;30006354475.77
"2024-06-17 17:00:00";66490.97700800239;39481285949.68
"2024-06-18 17:00:00";65146.659119671356;21103423504.4
"2024-06-19 17:00:00";64960.2953009057;25641109124.03
"2024-06-20 17:00:00";64837.98758941159;26188171739.19
"2024-06-21 17:00:00";64113.86490195061;9858198792.61
"2024-06-22 17:00:00";64248.96317414937;11170471802.36
"2024-06-23 17:00:00";63173.35271284749;43152133650.56
"2024-06-24 17:00:00";60266.28306634738;29201215430.56
"2024-06-25 17:00:00";61789.675447231144;22506003064.37
"2024-06-26 17:00:00";60811.22702188472;21231745044.69
"2024-06-27 17:00:00";61612.805785341305;24952866877.23
"2024-06-28 17:00:00";60319.87320215123;12652903395.87
"2024-06-29 17:00:00";60888.44556156059;17333226408.92
"2024-06-30 17:00:00";62673.60633865282;25468379421.26
"2024-07-01 17:00:00";62844.41155408985;20151616991.74
"2024-07-02 17:00:00";62034.33013659047;29756701684.52
"2024-07-03 17:00:00";60147.13764200602;41149609229.76
"2024-07-04 17:00:00";57022.8092189746;55417544033.35
"2024-07-05 17:00:00";56659.07523402401;20610320576.89
"2024-07-06 17:00:00";58239.43047367341;20553359505.21
"2024-07-07 17:00:00";55849.573769415314;39766159898.66
"2024-07-08 17:00:00";56704.596935641515;27849512607.28
"2024-07-09 17:00:00";58033.8844856386;26175260525.73
"2024-07-10 17:00:00";57729.89080403108;28707803842.25
"2024-07-11 17:00:00";57341.19493424505;25604805220.57
"2024-07-12 17:00:00";57908.738544075924;17080061806.26
"2024-07-13 17:00:00";59225.25039871754;22223416060.82
"2024-07-14 17:00:00";60815.45789781541;38094526099.38
"2024-07-15 17:00:00";64784.418842829175;41617346767.84
"2024-07-16 17:00:00";65091.830708729336;32525071310.74
"2024-07-17 17:00:00";64104.73767914492;27239305336.94
"2024-07-18 17:00:00";63972.32549922539;37003855409.78
"2024-07-19 17:00:00";66709.92561502931;19029581249.82
"2024-07-20 17:00:00";67164.91192182037;26652190003.57
"2024-07-21 17:00:00";68152.97613294167;42649109453.15
"2024-07-22 17:00:00";67584.80435452731;35605668665.85
"2024-07-23 17:00:00";65927.85807516616;27470942308.81
"2024-07-24 17:00:00";65375.8734846053;38315761669.6
"2024-07-25 17:00:00";65771.81041660522;30488630457.22
"2024-07-26 17:00:00";67911.8142625278;34691905492.17
"2024-07-27 17:00:00";67808.65558848101;18043166944.55
"2024-07-28 17:00:00";68259.05493292028;40780682628.04
"2024-07-29 17:00:00";66819.05265758414;31380492109.35
"2024-07-30 17:00:00";66201.27107746959;31292785993.69
"2024-07-31 17:00:00";64625.84044471442;40975554493.51
"2024-08-01 17:00:00";65353.498473817686;43060875727.45
"2024-08-02 17:00:00";61414.808493862736;31753030589.34
"2024-08-03 17:00:00";60676.09417709457;31758917219.16
"2024-08-04 17:00:00";58110.298455776305;108991085584.42
"2024-08-05 17:00:00";53991.3475883934;49300484106.29
"2024-08-06 17:00:00";56040.632123227755;41637562184.67
"2024-08-07 17:00:00";55030.029025690725;45298472566.63
"2024-08-08 17:00:00";61728.20897982758;33425553115.27
"2024-08-09 17:00:00";60881.22947814781;15745822278.31
"2024-08-10 17:00:00";60944.89255632786;22759754812.06
"2024-08-11 17:00:00";58719.39521925147;37078637820.19
"2024-08-12 17:00:00";59356.20778439832;30327698167.09
"2024-08-13 17:00:00";60611.050048446574;29961696179.78
"2024-08-14 17:00:00";58733.262987622475;35682112440.15
"2024-08-15 17:00:00";57560.27330137632;29350938673.14
"2024-08-16 17:00:00";58893.530843347966;13589684021.38
"2024-08-17 17:00:00";59468.1314945541;17740625837.21
"2024-08-18 17:00:00";58480.712727746315;25911207712.1
"2024-08-19 17:00:00";59493.451967522735;31613400007.92
"2024-08-20 17:00:00";59014.98762627093;32731154072.02
"2024-08-21 17:00:00";61168.315762736034;27625734376.65
"2024-08-22 17:00:00";60380.95286026633;42530509233.24
"2024-08-23 17:00:00";64103.86958972077;21430585163.21
"2024-08-24 17:00:00";64176.36706695918;18827683555.12
"2024-08-25 17:00:00";64342.22544212248;27682040631.48
"2024-08-26 17:00:00";62879.70840215829;39103882197.72
"2024-08-27 17:00:00";59507.924638734126;40289564698.25
"2024-08-28 17:00:00";59027.46834402855;32224990582.03
"2024-08-29 17:00:00";59388.60188049718;32292756404.79
"2024-08-30 17:00:00";59117.47950581847;12403470760.22
"2024-08-31 17:00:00";58969.799453605876;24592449996.84
"2024-09-01 17:00:00";57326.96728778504;27036454524.41
"2024-09-02 17:00:00";59106.1912871102;26666961052.67
"2024-09-03 17:00:00";57430.34857339168;35627680311.93
"2024-09-04 17:00:00";57971.70332131813;31030280656.27
"2024-09-05 17:00:00";56160.189464974974;49361693566.14
"2024-09-06 17:00:00";53949.08715374058;19061486526.14
"2024-09-07 17:00:00";54147.93256541225;18268287531.02
"2024-09-08 17:00:00";54851.887351990634;34618096173.33
"2024-09-09 17:00:00";57020.09841457318;28857630506.88
"2024-09-10 17:00:00";57650.289070623534;37049062671.53
"2024-09-11 17:00:00";57343.172588589914;33835707948.72
"2024-09-12 17:00:00";58130.32248136667;32490528355.5
"2024-09-13 17:00:00";60569.116234306406;16428405496.29
"2024-09-14 17:00:00";60000.72831750864;18120960866.97
"2024-09-15 17:00:00";59185.22685956004;32032822113.39
"2024-09-16 17:00:00";58192.509343855716;38075570117.66
"2024-09-17 17:00:00";60309.00187951354;40990702890.6
"2024-09-18 17:00:00";61651.15533817128;42710252572.5
"2024-09-19 17:00:00";62941.42759521907;35177164222.14
"2024-09-20 17:00:00";63184.34126760265;14408616220.03
"2024-09-21 17:00:00";63396.80355250726;20183348802.13
"2024-09-22 17:00:00";63643.1020803622;31400285425.2
"2024-09-23 17:00:00";63326.84125114562;29938335243.03
"2024-09-24 17:00:00";64302.59121924677;25078377699.65
"2024-09-25 17:00:00";63138.54848376027;36873129847.33
"2024-09-26 17:00:00";65180.66514007467;32058813449.4
"2024-09-27 17:00:00";65792.18194760938;15243637983.9
"2024-09-28 17:00:00";65888.89527143848;14788214574.54
"2024-09-29 17:00:00";65634.66012986275;37112957474.81
"2024-09-30 17:00:00";63335.60358371904;50220923499.58
"2024-10-01 17:00:00";60836.324630086616;40762722397.63
"2024-10-02 17:00:00";60632.486235043114;36106447278.67
"2024-10-03 17:00:00";60754.62512575234;29585472513.07
"2024-10-04 17:00:00";62067.61049705527;13305410748.72
"2024-10-05 17:00:00";62084.986500641135;14776233666.91
"2024-10-06 17:00:00";62819.109333004766;34253562610.48
"2024-10-07 17:00:00";62221.64514873764;28134475156.91
"2024-10-08 17:00:00";62131.72610331155;27670982363.46
"2024-10-09 17:00:00";60581.92968687734;30452813570.16
"2024-10-10 17:00:00";60275.46083465714;30327141594.18
"2024-10-11 17:00:00";62444.61740615012;16744110885.86
"2024-10-12 17:00:00";63192.94357547868;18177529689.88
"2024-10-13 17:00:00";62848.39948809247;43706958055.79
"2024-10-14 17:00:00";66050.36872702917;48863870878.62
"2024-10-15 17:00:00";67042.46182181769;38195189533.82
"2024-10-16 17:00:00";67617.07957133748;32790898510.76
"2024-10-17 17:00:00";67419.10872525488;36857165014.36
"2024-10-18 17:00:00";68418.97666199035;14443497907.64
"2024-10-19 17:00:00";68364.17846030444;18975847518.28
"2024-10-20 17:00:00";69002.00014689766;37498611780.2
"2024-10-21 17:00:00";67360.70272554606;31808472565.82
"2024-10-22 17:00:00";67362.37442147365;32263980353.23
"2024-10-23 17:00:00";66653.70415718127;31414428647.2
"2024-10-24 17:00:00";68165.29737243893;41469984305.66
"2024-10-25 17:00:00";66628.73700387057;19588098156.32
"2024-10-26 17:00:00";67023.47941862229;16721307878.1
"2024-10-27 17:00:00";67922.67427268038;38799856657.22
"2024-10-28 17:00:00";69910.04536594635;58541874401.85
"2024-10-29 17:00:00";72715.36648543099;40646637831.37
"2024-10-30 17:00:00";72335.04408263316;40627912076.23
"2024-10-31 17:00:00";70216.89696788251;49989795365.09
"2024-11-01 17:00:00";69486.02390462357;18184612091.32
"2024-11-02 17:00:00";69296.38205620978;34868307655.18
"2024-11-03 16:00:00";68742.13466780161;41184819348.33
"2024-11-04 16:00:00";67811.17433259141;46046889204.13
"2024-11-05 16:00:00";69358.50198946046;118592653963
"2024-11-06 16:00:00";75637.08497351439;63467654989.4
"2024-11-07 16:00:00";75902.83256650098;55176858002.62
"2024-11-08 16:00:00";76556.19113132334;29009480361.15
"2024-11-09 16:00:00";76775.54380156849;82570594494.54
"2024-11-10 16:00:00";80471.41319204982;117966845037.02
"2024-11-11 16:00:00";88705.56448656591;133673285374.5
"2024-11-12 16:00:00";87929.96677324477;123559027868.7
"2024-11-13 16:00:00";90574.88205537519;87616705247.88
"2024-11-14 16:00:00";87284.18309810244;78243109518.27
"2024-11-15 16:00:00";91064.36622561036;44333192813.6
"2024-11-16 16:00:00";90558.4631117088;46350159305.48
"2024-11-17 16:00:00";89843.71547893283;75535775084.26
"2024-11-18 16:00:00";90536.81152645548;74521048294.81
"2024-11-19 16:00:00";92341.89415735347;71730956426.31
"2024-11-20 16:00:00";94334.64328093239;106024505581.86
"2024-11-21 16:00:00";98496.42948671861;78473580550.87
"2024-11-22 16:00:00";99006.74227474716;44414644676.69
"2024-11-23 16:00:00";97778.09735864386;51712020622.89
"2024-11-24 16:00:00";98033.44270031633;80909462490
"2024-11-25 16:00:00";93087.27999159305;91656519855.42
"2024-11-26 16:00:00";91978.13858183147;71133452438.22
"2024-11-27 16:00:00";95954.94488167026;52260008260.61
"2024-11-28 16:00:00";95653.95259357632;54968682476.36
"2024-11-29 16:00:00";97468.8124452958;31634227866.46
"2024-11-30 16:00:00";96461.33680023858;36590695296.24
"2024-12-01 16:00:00";97276.01011705669;72680784305.11
"2024-12-02 16:00:00";95854.59743429389;67067810961.23
"2024-12-03 16:00:00";95988.52871237136;77199817111.98
"2024-12-04 16:00:00";98741.5393815507;149218945579.65
"2024-12-05 16:00:00";97074.22483222859;94534772657.92
"2024-12-06 16:00:00";99916.71446386413;44177510896.8
"2024-12-07 16:00:00";99921.91679671711;44125751925.28
"2024-12-08 16:00:00";101237.06152133417;110676473908.41
"2024-12-09 16:00:00";97441.23446645589;104823780633.61
"2024-12-10 16:00:00";96656.06161812134;85391409935.84
"2024-12-11 16:00:00";101167.80700433685;72073983532.97
"2024-12-12 16:00:00";100046.65053812141;56894751583.19
"2024-12-13 16:00:00";101451.43995018033;40422968793.07
"2024-12-14 16:00:00";101373.53296067957;51145914137.43
"2024-12-15 16:00:00";104293.57646069665;91020417816.32
"2024-12-16 16:00:00";106030.69058245214;68589364867.85
"2024-12-17 16:00:00";106147.29525968335;93865656139.45
"2024-12-18 16:00:00";100070.68742894281;97221662391.74
"2024-12-19 16:00:00";97484.69730951732;105634083408.08
"2024-12-20 16:00:00";97756.19220181568;51765334293.97
"2024-12-21 16:00:00";97218.3182689266;43147981313.7
"2024-12-22 16:00:00";95099.39195482891;65239002918.62
"2024-12-23 16:00:00";94684.34755333756;47114953674.13
"2024-12-24 16:00:00";98675.91086276277;33700394629.11
"2024-12-25 16:00:00";99297.69700878458;47054980873.26
"2024-12-26 16:00:00";95704.97458625567;52419934565.08
"2024-12-27 16:00:00";94160.18622270311;24107436184.88
"2024-12-28 16:00:00";95174.05511728884;29635885266.64
"2024-12-29 16:00:00";93527.19749747452;56188003691.42
"2024-12-30 16:00:00";92643.25122168798;43625106842.87
"2024-12-31 16:00:00";93425.10213604935;24519888918.84
"2025-01-01 16:00:00";94416.28654727874;46009564411.19
"2025-01-02 16:00:00";96881.72902346856;35611391162.85
"2025-01-03 16:00:00";98106.9935527892;22342608077.72
"2025-01-04 16:00:00";98233.90577658577;20525254824.64
"2025-01-05 16:00:00";98314.95695805966;51823432704.9
"2025-01-06 16:00:00";102248.85254818317;58685738546.55
"2025-01-07 16:00:00";96924.16497426537;63875859171.19
"2025-01-08 16:00:00";95043.48763997055;62777261693.16
"2025-01-09 16:00:00";92494.49150599269;62058693683.57
"2025-01-10 16:00:00";94700.83805347318;18860894100.35
"2025-01-11 16:00:00";94565.72583174758;20885130964.79
"2025-01-12 16:00:00";94488.89217368136;72978998252.04
"2025-01-13 16:00:00";94519.00714149787;53769675817.65
"2025-01-14 16:00:00";96534.04596939916;57805923627.33
"2025-01-15 16:00:00";100505.29872630668;54103781804.71
"2025-01-16 16:00:00";100025.7650552685;71888972662.9
"2025-01-17 16:00:00";104124.95457620875;50445655725.64
"2025-01-18 16:00:00";104411.28679527303;76789928525.09
"2025-01-19 16:00:00";101083.75346515604;126279678351.02
"2025-01-20 16:00:00";102052.5752511938;88733878242.01
"2025-01-21 16:00:00";106136.3833471013;53878181052.37
"2025-01-22 16:00:00";103657.67456357404;104104515428.06
"2025-01-23 16:00:00";103965.66972064278;52388229265.3
"2025-01-24 16:00:00";104824.03367887085;23888996501.99
"2025-01-25 16:00:00";104713.21322996439;22543395879.45
"2025-01-26 16:00:00";102680.30359097058;89006608427.88
"2025-01-27 16:00:00";102095.41758297598;47180685494
"2025-01-28 16:00:00";101317.52725321057;47432049817.95
"2025-01-29 16:00:00";103709.33879912469;41915744521.36
"2025-01-30 16:00:00";104737.56219203652;45732764359.6
"2025-01-31 16:00:00";102402.79811539728;27757944848.3
"2025-02-01 16:00:00";100661.53638723615;63091816853.4
"2025-02-02 16:00:00";97681.10325625054;115400897748.03
"2025-02-03 16:00:00";101398.71704028598;73002130210.71
"2025-02-04 16:00:00";97878.0097544626;49125911241.12
"2025-02-05 16:00:00";96610.64022849275;45302471947.11
"2025-02-06 16:00:00";96581.31728744069;55741290456.48
"2025-02-07 16:00:00";96533.2608441032;22447526395.12
"2025-02-08 16:00:00";96481.31526139399;27732901800.43
"2025-02-09 16:00:00";96499.46209263853;40078962390.78
"2025-02-10 16:00:00";97438.13120832655;37488783271.89
"2025-02-11 16:00:00";95745.69445695943;49340445529.78
"2025-02-12 16:00:00";97888.74648850967;37147280859.99
"2025-02-13 16:00:00";96623.37086755785;32697987276.92
"2025-02-14 16:00:00";97508.38276946037;17047266288.41
"2025-02-15 16:00:00";97580.49058301288;16536755396.23
"2025-02-16 16:00:00";96179.00456528852;27336550689.63
"2025-02-17 16:00:00";95773.81624283813;37325720482.36
"2025-02-18 16:00:00";95532.53214633907;28990872861.84
"2025-02-19 16:00:00";96632.6791870311;31668022770.75
"2025-02-20 16:00:00";98340.6700379587;49608706469.55
"2025-02-21 16:00:00";96134.20191224912;18353824476.55
"2025-02-22 16:00:00";96577.80308060527;16999478976.16
"2025-02-23 16:00:00";96277.96379034073;44046480529.18
"2025-02-24 16:00:00";91437.11400510589;92139104127.7
"2025-02-25 16:00:00";88638.893456738;64597492134.27
"2025-02-26 16:00:00";84076.86190701449;52659591953.61
"2025-02-27 16:00:00";84705.62848021874;83610570575.92
"2025-02-28 16:00:00";84373.86437183671;29190628396.31
"2025-03-01 16:00:00";86036.25754954967;58398341092.43
"2025-03-02 16:00:00";94248.42149718052;70072228536.46
"2025-03-03 16:00:00";86064.06665899591;68095241474.12
"2025-03-04 16:00:00";87222.95486911599;50498988027.45
"2025-03-05 16:00:00";90622.36115502505;47749810486.3
"2025-03-06 16:00:00";89963.2830044752;65945677657.29
"2025-03-07 16:00:00";86742.65299002576;18206118081.06
"2025-03-08 16:00:00";86154.30589057712;30899345977.33
"2025-03-09 17:00:00";80597.14978363975;54061099421.87
"2025-03-10 17:00:00";78523.87154381181;54702837195.93
"2025-03-11 17:00:00";82857.37837201863;40353484453.92
"2025-03-12 17:00:00";83724.91959970574;31412940153.29
"2025-03-13 17:00:00";81066.993377569;29588112413.91
"2025-03-14 17:00:00";83968.40594955091;13650491277.15
"2025-03-15 17:00:00";84333.32161701162;21330270173.57
"2025-03-16 17:00:00";82576.33427819445;25092785558.06
"2025-03-17 17:00:00";84075.7156723962;24095774593.8
"2025-03-18 17:00:00";82718.80425845386;34931960257.28
"2025-03-19 17:00:00";86872.95330189467;29028988960.57
"2025-03-20 17:00:00";84164.54252392585;19030452299.43
"2025-03-21 17:00:00";84046.25828818169;9863214090.93
"2025-03-22 17:00:00";83831.9005141602;12594615536.53
"2025-03-23 17:00:00";86070.92811115854;34582604932.53
"2025-03-24 17:00:00";87512.81944072593;30005840048.56
"2025-03-25 17:00:00";87460.23666979485;26704046037.95
"2025-03-26 17:00:00";86896.2548762212;24413471940.5
"2025-03-27 17:00:00";87185.23467710707;34198619509.07
"2025-03-28 17:00:00";84352.07272629582;16969396135.15
"2025-03-29 17:00:00";82596.98323430921;14763760943.16
"2025-03-30 17:00:00";82336.05934575244;29004228246.6
"2025-03-31 17:00:00";82551.91872925474;28175650319.38
"2025-04-01 17:00:00";85180.61303991935;47584398470.45
"2025-04-02 17:00:00";82487.4764239047;36852112079.93
"2025-04-03 17:00:00";83100.24744097982;45157640206.84
"2025-04-04 17:00:00";83844.69966290914;14380803630.57
"2025-04-05 17:00:00";83504.50711638005;36294853735.96
"2025-04-06 17:00:00";78221.33313364969;91262424987.16
"2025-04-07 17:00:00";79218.47385977911;48314590748.66
"2025-04-08 17:00:00";76273.56170055756;84213627037.89
"2025-04-09 17:00:00";82565.97445255207;44718000633.05
"2025-04-10 17:00:00";79625.04814072048;41656778779.2
"2025-04-11 17:00:00";83404.51699304495;24258059103.94
"2025-04-12 17:00:00";85279.47053438281;28796984817.37
"2025-04-13 17:00:00";83694.52327328338;34090769777.17
"2025-04-14 17:00:00";84539.69278498102;28040322884.75
"2025-04-15 17:00:00";83674.51107864527;29617804112.22
"2025-04-16 17:00:00";84030.67292676501;21276866029.01
"2025-04-17 17:00:00";84900.19135742266;12728372364.23
"2025-04-18 17:00:00";84450.87033346148;15259300427.02
"2025-04-19 17:00:00";85066.06886985601;14664050811.93
"2025-04-20 17:00:00";85171.5427512029;41396190189.88
"2025-04-21 17:00:00";87521.87117346626;55899038455.73
"2025-04-22 17:00:00";93427.58580855062;41719568820.85
"2025-04-23 17:00:00";93692.39595194577;31483175315.4
"2025-04-24 17:00:00";93954.24981966102;40915232363.91
"2025-04-25 17:00:00";94714.6463714469;17612825123.36
"2025-04-26 17:00:00";94660.90920811243;18090367763.89
"2025-04-27 17:00:00";93755.30360534175;32363449569.16
"2025-04-28 17:00:00";94981.8613835771;25806129920.72
"2025-04-29 17:00:00";94286.46865734526;28344679831.08
"2025-04-30 17:00:00";94212.86287717383;32875889623.44
"2025-05-01 17:00:00";96494.96919013959;26421924676.66
"2025-05-02 17:00:00";96904.63473532417;15775154888.97
"2025-05-03 17:00:00";95877.1841802496;18198688416.06
"2025-05-04 17:00:00";94319.56286773381;25816260327.41
"2025-05-05 17:00:00";94748.3862881353;26551275826.73
"2025-05-06 17:00:00";96800.19449655016;76983822461.78
"2025-05-07 17:00:00";97034.24688884184;69895404396.74
"2025-05-08 17:00:00";103239.12516390385;58198593958.12
"2025-05-09 17:00:00";102973.71422769727;42276713994.21
"2025-05-10 17:00:00";104701.07259645901;46285517406.46
"2025-05-11 17:00:00";104106.96270662454;63250475404.07
"2025-05-12 17:00:00";102812.4924643175;52608876410.39
"2025-05-13 17:00:00";104167.32560044796;45956071154.97
"2025-05-14 17:00:00";103538.82568418497;50408241840.21
"2025-05-15 17:00:00";103735.65506337154;44386499364.19
"2025-05-16 17:00:00";103489.28973569485;37898552742.49
"2025-05-17 17:00:00";103186.95563582474;49887082058.37
"2025-05-18 17:00:00";106430.53270275438;61761126647.23
"2025-05-19 17:00:00";105605.4091445749;36515726122.09
"2025-05-20 17:00:00";106791.31242369737;78086364051.2
"2025-05-21 17:00:00";109673.49185619225;70157575642.18
"2025-05-22 17:00:00";111679.35626028496;67548133399.04
"2025-05-23 17:00:00";107278.5069779142;45903627162.57
"2025-05-24 17:00:00";107802.27212954531;47518041840.84
"2025-05-25 17:00:00";109023.77832820345;45950461570.55
"2025-05-26 17:00:00";109440.40947802029;57450176271.9
"2025-05-27 17:00:00";108992.17251141532;49155377492.62
"2025-05-28 17:00:00";107795.57058228701;56022752042.28
"2025-05-29 17:00:00";105646.20772550197;57655287183.41
"2025-05-30 17:00:00";103994.71517576015;38997843858.47
"2025-05-31 17:00:00";104637.29668689604;37397056873.12
"2025-06-01 17:00:00";105649.80963227748;45819706290.18
"2025-06-02 17:00:00";105888.47353471695;46196508367.02
"2025-06-03 17:00:00";105434.36831481267;44544857105.32
"2025-06-04 17:00:00";104750.7800547679;57479298399.76
"2025-06-05 17:00:00";101574.3670737617;48856653697.18
"2025-06-06 17:00:00";104390.64479674799;38365033775.84
"2025-06-07 17:00:00";105617.50944445979;36626232327.83
"2025-06-08 17:00:00";105793.02117468115;55903193732.46
"2025-06-09 17:00:00";110295.68765348828;54700101508.91
"2025-06-10 17:00:00";110261.79625676526;50842662052.1
"2025-06-11 17:00:00";108685.91042960045;54843867967.5
"2025-06-12 17:00:00";105924.59056077506;69550440845.69
"2025-06-13 17:00:00";106108.08523632525;38007870452.64
"2025-06-14 17:00:00";105464.84007376806;36744307741.93
"2025-06-15 17:00:00";105555.59290588879;50366626944.57
"2025-06-16 17:00:00";106794.12090510911;55964092175.52
"2025-06-17 17:00:00";104602.06863467032;47318089133.08
"2025-06-18 17:00:00";104886.77430157723;37333806919.54
"2025-06-19 17:00:00";104681.03304316427;50951862476.19
"2025-06-20 17:00:00";103315.08063801938;38360555117.77
"2025-06-21 17:00:00";102212.03488528424;65536997200.85
"2025-06-22 17:00:00";100987.47310952852;65237759656.41
"2025-06-23 17:00:00";105571.51776481187;48822986421.13
"2025-06-24 17:00:00";106047.40316673223;51624120283.34
"2025-06-25 17:00:00";107375.07063920327;43891990612.71
"2025-06-26 17:00:00";106954.92333135437;45353692674.51
"2025-06-27 17:00:00";107090.54885666384;30037708334.64
"2025-06-28 17:00:00";107327.82242634875;35534874438.25
"2025-06-29 17:00:00";108383.44117956013;42064804589.76
"2025-06-30 17:00:00";107144.38264374454;44110692246.89
"2025-07-01 17:00:00";105703.09985518022;56248657736.96
"2025-07-02 17:00:00";108845.01285506037;50494742269.78
"2025-07-03 17:00:00";109635.65519745214;42616442655.9
"2025-07-04 17:00:00";108015.83922632238;30615537519.57
"2025-07-05 17:00:00";108231.18383298273;36746020463.25
"2025-07-06 17:00:00";109235.32798952388;45415696597.48
"2025-07-07 17:00:00";108298.22897458007;44282204126.95
"2025-07-08 17:00:00";108950.27554318983;57927418064.83
"2025-07-09 17:00:00";111329.19598094755;95911605727.89
"2025-07-10 17:00:00";115986.23479708363;86928361084.93
"2025-07-11 17:00:00";117530.7128957262;45524560304.01
"2025-07-12 17:00:00";117432.20084586414;49021091807.15
"2025-07-13 17:00:00";119115.78750964132;181746419401.06
"2025-07-14 17:00:00";119853.8484758277;98321661180.6
"2025-07-15 17:00:00";117777.18899477556;72162029070.46
"2025-07-16 17:00:00";118738.50603894402;72363841798.42
"2025-07-17 17:00:00";119284.11179093891;77945799784.74
"2025-07-18 17:00:00";117998.12736418344;47564562764.75
"2025-07-19 17:00:00";117944.1092425224;57515447231.38
"2025-07-20 17:00:00";117306.46698212872;69820091744.15
"2025-07-21 17:00:00";117426.49815339924;79217583118.49
"2025-07-22 17:00:00";119997.44269144912;66608604536.87
"2025-07-23 17:00:00";118770.98148459916;72627318559.56
"2025-07-24 17:00:00";118368.00324917762;104857024568.67
"2025-07-25 17:00:00";117644.84406252156;48508954045.79
"2025-07-26 17:00:00";117944.7296624648;54683390891.99
"2025-07-27 17:00:00";119457.52195094219;64822943193.08
"2025-07-28 17:00:00";117938.58435927652;68463107433.08
"2025-07-29 17:00:00";117921.99408592796;68896148591.57
"2025-07-30 17:00:00";117833.6296441243;69370346017.86
"2025-07-31 17:00:00";115738.95521224818;91294530181.27
"2025-08-01 17:00:00";113320.39435756928;56870865999.63
"2025-08-02 17:00:00";112525.8033291329;48099615825.72
"2025-08-03 17:00:00";114223.92328501819;35783028986.15
"2025-08-04 17:00:00";115072.18455774228;61039182286.4
"2025-08-05 17:00:00";114140.91357971444;56379133509.58
"2025-08-06 17:00:00";115030.05222704695;64051649680.54
"2025-08-07 17:00:00";117505.49739040929;59713005166.12
"2025-08-08 17:00:00";116678.27568981636;54004312428.99
"2025-08-09 17:00:00";116497.71657640948;64755458694.47
"2025-08-10 17:00:00";119306.81076536328;90528784177.43
"2025-08-11 17:00:00";118717.66244795622;72803657984.3
"2025-08-12 17:00:00";120168.97770239704;90904808794.95
"2025-08-13 17:00:00";123339.39538785633;104055627395.48
"2025-08-14 17:00:00";118365.78439117018;68665353159.16
"2025-08-15 17:00:00";117398.42308612;48036922377.96
"2025-08-16 17:00:00";117492.78858219311;45852169525.35
"2025-08-17 17:00:00";117453.90638566251;72787808089.51
"2025-08-18 17:00:00";116241.8565498179;71657600352.99
"2025-08-19 17:00:00";112828.02138930744;67993811525.52
"2025-08-20 17:00:00";114275.68414767916;57817883699.69
"2025-08-21 17:00:00";112433.73078323274;82528088239.59
"2025-08-22 17:00:00";116866.36783737474;55377142585.98
"2025-08-23 17:00:00";115387.39132297189;73961489632.02
"2025-08-24 17:00:00";113456.89468032483;85706860189.64
"2025-08-25 17:00:00";110124.10542833657;69396320316.88
"2025-08-26 17:00:00";111795.70826748636;62137056408.51
"2025-08-27 17:00:00";111219.0511864502;58860155962.4
"2025-08-28 17:00:00";112550.52007808884;77843379643.52
"2025-08-29 17:00:00";108409.40495683927;51486264207.9
"2025-08-30 17:00:00";108818.46108413822;47986191770.07
"2025-08-31 17:00:00";108228.7470722929;66870372995.2
"2025-09-01 17:00:00";109243.06732745918;74776999490.97
"2025-09-02 17:00:00";111190.69868833866;61119643564.64
"2025-09-03 17:00:00";111718.14913545208;60131132900.9
"2025-09-04 17:00:00";110723.0145434385;60241647677.23
"2025-09-05 17:00:00";110650.57172224375;21500719035.81
"2025-09-06 17:00:00";110221.325878985;24618007519.76
"2025-09-07 17:00:00";111163.01779750353;40212813406.78
"2025-09-08 17:00:00";112077.57727371356;45984480722.09
"2025-09-09 17:00:00";111531.24788046257;56377473784.11
"2025-09-10 17:00:00";113961.42809383752;45685065332.3
"2025-09-11 17:00:00";115507.79295614235;54785725894.45
"2025-09-12 17:00:00";116093.55952342732;34549454946.66
"2025-09-13 17:00:00";115950.29231911204;32798036056.78
"2025-09-14 17:00:00";115399.63114381075;52937859416.04
"2025-09-15 17:00:00";115423.7546416593;45781744592.98
"2025-09-16 17:00:00";116840.50693929529;60528025996.3
"2025-09-17 17:00:00";116461.26270609218;49457272032.38
"2025-09-18 17:00:00";117137.67334688912;38828473971.12
"2025-09-19 17:00:00";115691.12848129035;22864449614.47
"2025-09-20 17:00:00";115730.22583864754;22495852193.17
"2025-09-21 17:00:00";115309.22212224496;70684158591.15
"2025-09-22 17:00:00";112757.4755546424;47211853278.67
"2025-09-23 17:00:00";112007.66651590381;48044595084.74
"2025-09-24 17:00:00";113330.16571943484;75528654283.63
"2025-09-25 17:00:00";109041.29450107833;57738288948.87
"2025-09-26 17:00:00";109707.14101831077;26308042910.14
"2025-09-27 17:00:00";109681.94729952405;33371048505.29
"2025-09-28 17:00:00";112117.8787939277;60000147465.61
"2025-09-29 17:00:00";114396.52024059923;58986330258.25
"2025-09-30 17:00:00";114057.59218330415;71328680131.6
"2025-10-01 17:00:00";118652.3858956064;71415163911.62
"2025-10-02 17:00:00";120656.98202262878;83941392228.12
"2025-10-03 17:00:00";122267.4697710939;36769171734.75
"2025-10-04 17:00:00";122419.67068818379;73689317763.05
"2025-10-05 17:00:00";123510.44996838775;72568881188.34
"2025-10-06 17:00:00";124752.13972365468;76149412513.03
"2025-10-07 17:00:00";121448.3536271772;65354305285.91
"2025-10-08 17:00:00";123337.06775954412;74653009424.96
"2025-10-09 17:00:00";121704.74022761908;153125018868.11
"2025-10-10 17:00:00";113236.4297632884;110236934340.44
"2025-10-11 17:00:00";110811.51409731335;93710414090.64
"2025-10-12 17:00:00";115161.6758253635;71582026738.87
"2025-10-13 17:00:00";115264.87901525266;92212917403.23
"2025-10-14 17:00:00";113113.97209406813;72574132855.11
"2025-10-15 17:00:00";110782.17192972095;87306423067.48
"2025-10-16 17:00:00";108179.1347117863;99703051669.23
"2025-10-17 17:00:00";106483.73523240829;37779905278.47
"2025-10-18 17:00:00";107204.31412039968;47657008952.53
"2025-10-19 17:00:00";108667.4438091444;63507793084.59
"2025-10-20 17:00:00";110587.62993625201;101194375480.17
"2025-10-21 17:00:00";108491.5276904597;80807013217.67
"2025-10-22 17:00:00";107679.43882111929;54944076060.09
"2025-10-23 17:00:00";110069.35457544324;48160816980.41
"2025-10-24 17:00:00";111032.6148854096;24707667305.22
"2025-10-25 17:00:00";111639.05265769624;41708524143.03
"2025-10-26 17:00:00";114479.84894705017;61761358733.17
"2025-10-27 17:00:00";114129.08913002364;64528066504.07
"2025-10-28 17:00:00";112921.3274626502;62192043468.67
"2025-10-29 17:00:00";110059.19682785416;69673964813.67
"2025-10-30 17:00:00";108304.41459705395;60090359559.55
"2025-10-31 17:00:00";109558.6274996546;25871668761.94
"2025-11-01 17:00:00";110064.4316392365;34284209458.94
"2025-11-02 16:00:00";110646.90533378285;72852006359.15
"2025-11-03 16:00:00";106541.4220011707;110967184772.86
"2025-11-04 16:00:00";101579.23671744659;77584934803.74
"2025-11-05 16:00:00";103893.66627416523;63932752860.8
"2025-11-06 16:00:00";101286.24350283982;92168030080.75
"2025-11-07 16:00:00";103371.7013456298;51446691094.53
"2025-11-08 16:00:00";102278.9808718886;59679243012.82
"2025-11-09 16:00:00";104723.7707145405;69585887229.14
"2025-11-10 16:00:00";105996.85749132905;71130078574.37
"2025-11-11 16:00:00";103011.43449485178;64347179407.55
"2025-11-12 16:00:00";101674.14833949202;101546815415.95
"2025-11-13 16:00:00";99694.706228742;114346441890.18
"2025-11-14 16:00:00";94420.47103288722;38500716654.17
"2025-11-15 16:00:00";95556.86577786325;71086235862.23
"2025-11-16 16:00:00";94180.87632850105;94186165724.42
"2025-11-17 16:00:00";92094.53304985347;101333569061.99
"2025-11-18 16:00:00";92946.16602633434;80350354656.08
"2025-11-19 16:00:00";91459.35155335507;97970645637.66
"2025-11-20 16:00:00";86528.77276110525;129157506112.1
"2025-11-21 16:00:00";85098.56592015598;40793099246.11
"2025-11-22 16:00:00";84648.60861887915;58083435575.55
"2025-11-23 16:00:00";86798.77131034985;74433896109.64
"2025-11-24 16:00:00";88269.95786784783;64837343544.92
"2025-11-25 16:00:00";87345.58651378485;66496301869.43
"2025-11-26 16:00:00";90517.76571128424;57040622844.67
"2025-11-27 16:00:00";91285.37945369423;60895830288.66
"2025-11-28 16:00:00";90918.73991230779;37921773455.29
"2025-11-29 16:00:00";90838.20907255441;38497902869.11
"2025-11-30 16:00:00";90389.10979790243;87962894424.44
"2025-12-01 16:00:00";86322.53807309545;78546798211.05
"2025-12-02 16:00:00";91345.09561891394;77650204985.76
"2025-12-03 16:00:00";93454.25670428821;64538402680.68
"2025-12-04 16:00:00";92133.64983217634;63256398633.38
"2025-12-05 16:00:00";89389.36131676778;37994042405.21
"2025-12-06 16:00:00";89277.81080105678;47394898959.52
"2025-12-07 16:00:00";90424.58576156279;57394099055.58
"2025-12-08 16:00:00";90639.7033439281;66861721440.1
"2025-12-09 16:00:00";92695.23365964854;65420694512.66
"2025-12-10 16:00:00";92011.30468106373;64532834620.5
"2025-12-11 16:00:00";92513.66748607984;80275884583.23
"2025-12-12 16:00:00";90257.80056872632;64237748110.3
"2025-12-13 16:00:00";90296.43446955943;50465972205.32
"2025-12-14 16:00:00";88171.0803769972;45559514322.51
"2025-12-15 16:00:00";86424.40704477266;41262178222.6
"2025-12-16 16:00:00";87847.61542070072;44243392913.92
"2025-12-17 16:00:00";86144.36502194681;52667115348.19
"2025-12-18 16:00:00";85476.13620574537;46733310561.08
"2025-12-19 16:00:00";88101.67079275395;14688196659.3
"2025-12-20 16:00:00";88344.70064983792;19845522659.7
"2025-12-21 16:00:00";88621.40135310034;38047472118.35
"2025-12-22 16:00:00";88490.02830520387;43683011532.93
"2025-12-23 16:00:00";87404.3217861596;25550297986.12
"2025-12-24 16:00:00";87608.31660342003;19953216347.25
"2025-12-25 16:00:00";87235.51169573983;42455674908.21
"2025-12-26 16:00:00";87301.43318567329;13741199310.04
"2025-12-27 16:00:00";87799.34517914649;15156557929.12
"2025-12-28 16:00:00";87835.79133228086;48411625848.57
"2025-12-29 16:00:00";87134.35223641338;35586356224.95
"2025-12-30 16:00:00";88429.58655754075;33830210615.6
"2025-12-31 16:00:00";87508.04766243481;18849043989.91
"2026-01-01 16:00:00";88733.0655964059;46398906170.6
"2026-01-02 16:00:00";89945.05681923829;20774828591.87
"2026-01-03 16:00:00";90602.99763562664;26770491367.89
"2026-01-04 16:00:00";91414.62864702784;53376407252.23
"2026-01-05 16:00:00";93876.94843131496;52430605256.81
"2026-01-06 16:00:00";93727.46837562212;43461295052.88
"2026-01-07 16:00:00";91309.64180535697;42386697029.65
"2026-01-08 16:00:00";91026.2755190154;38305906684.08
"2026-01-09 16:00:00";90510.10260347452;12385895281.94
"2026-01-10 16:00:00";90385.35746915093;17165568976.92
"2026-01-11 16:00:00";90825.85608253782;41346275357.57
"2026-01-12 16:00:00";91185.33876618276;54980674354.18
"2026-01-13 16:00:00";95322.90860781961;60592490862.71
"2026-01-14 16:00:00";96931.29138297321;53086363026.8
"2026-01-15 16:00:00";95554.09956065973;33248170537.31
"2026-01-16 16:00:00";95525.15684348332;16021715121.52
"2026-01-17 16:00:00";95101.178945109;20809781232.19
"2026-01-18 16:00:00";93655.67283461656;39195241508.14
"2026-01-19 16:00:00";92553.59917680483;53072968030.62
"2026-01-20 16:00:00";88326.50905430746;56330422433.73
"2026-01-21 16:00:00";89378.52466983534;35549685694.39
"2026-01-22 16:00:00";89462.04937892227;38997586037.34
"2026-01-23 16:00:00";89506.15181733278;14558687712.35
"2026-01-24 16:00:00";89104.76401429556;36124986722.45
"2026-01-25 16:00:00";86566.5229094044;45329286973.62
"2026-01-26 16:00:00";88257.47375154609;38744942267.49
"2026-01-27 16:00:00";89104.04367383181;39807419295.74
"2026-01-28 16:00:00";89169.84802179961;64653083162.25
"2026-01-29 16:00:00";84562.72808583589;72083816087.41
"2026-01-30 16:00:00";84126.49815442863;70479259159.27
"2026-01-31 16:00:00";78626.1269261602;53372509743.57
"2026-02-01 16:00:00";76968.87293425198;75140589683.9
"2026-02-02 16:00:00";78693.5093559109;68249110822.41
"2026-02-03 16:00:00";75640.09362489812;67215363944.09
"2026-02-04 16:00:00";73016.37286524962;125509410907.56
"2026-02-05 16:00:00";62704.451529084734;114674259489.47
"2026-02-06 16:00:00";70553.79532036574;62347107662.58
"2026-02-07 16:00:00";69283.72904074765;39721722619.01
"2026-02-08 16:00:00";70243.33070835251;52081598791.71
"2026-02-09 16:00:00";70137.38829473655;40593063076.57
"2026-02-10 16:00:00";68791.8622310705;49671946030.32
"2026-02-11 16:00:00";66992.19183249502;44651071271.06
"2026-02-12 16:00:00";66213.37862659368;40820775886.43
"2026-02-13 16:00:00";68856.98554525034;36012397644.78
"2026-02-14 16:00:00";69764.95416022358;40191152749.94
"2026-02-15 16:00:00";68782.39933013287;33618145425.51
"2026-02-16 16:00:00";68843.09000342741;34866936040.44
"2026-02-18 00:03:00";68090.75786507074;33568660601.840603